Sequence_ID,A,T,G,C
ref|NR_117835.1,362,287,474,346
ref|NR_044497.1,357,284,486,343
gb|KU042972.2,355,282,486,345
ref|NR_108580.1,358,279,476,356
gb|JQ396615.1,365,286,485,359
emb|AJ585985.1,365,283,483,359
ref|NR_137420.1,343,276,489,358
gb|JQ608330.2,343,276,489,358
gb|KF441585.1,356,292,485,361
gb|KU758888.1,347,282,477,349
gb|KT756665.1,357,290,477,346
gb|KF441601.1,359,294,482,357
gb|HQ876598.1,367,287,486,362
gb|JQ660099.1,350,275,469,348
gb|JN082263.1,355,277,474,349
gb|KP128920.1,349,276,471,349
ref|NR_043282.1,352,278,473,350
ref|NR_043155.1,354,284,475,346
gb|EU182830.1,331,265,439,329
ref|NR_043156.1,354,289,474,342
gb|AY743261.1,354,291,473,341
gb|KT581022.1,355,289,477,346
ref|NR_043243.1,339,273,458,336
gb|AY876379.1,340,274,457,336
ref|NR_116158.1,359,290,469,341
gb|AF289089.1|AF289089,360,287,467,341
ref|NR_026401.1,362,289,474,341
emb|AM900794.1,368,297,479,350
gb|FJ655840.1,365,290,468,339
gb|KX946495.1,357,285,478,351
gb|KX494399.1,346,275,464,338
gb|EU718060.1,336,266,447,335
gb|KX377873.1,343,277,459,337
gb|KU236369.1,355,288,460,340
gb|KX263319.1,346,276,463,340
gb|KC771029.1,354,284,468,343
ref|NR_134718.1,356,287,471,345
gb|KX350162.1,351,282,466,344
ref|NR_109419.1,348,279,468,342
gb|KM093731.1,360,286,475,348
gb|KT448814.1,347,274,450,331
gb|KT448816.1,352,283,459,336
gb|KT448815.1,348,280,458,334
ref|NR_146665.1,360,287,467,337
gb|KF790633.1,360,287,467,337
gb|KT278763.1,371,305,490,359
gb|JQ511861.1,339,267,433,322
gb|DQ003317.1,347,277,449,333
gb|KT278764.1,365,294,483,356
gb|KU992913.1,366,298,482,351
ref|NR_146666.1,356,285,467,340
gb|KC771032.1,356,285,467,340
dbj|D78365.1|DEI16SRRNA,328,260,426,313
gb|KU758887.1,352,284,459,339
ref|NR_026399.1,360,289,474,344
gb|KJ639011.1,361,289,471,345
gb|KP128922.1,355,286,463,341
gb|KU758885.1,351,280,469,345
gb|KJ685845.2,359,283,478,349
gb|KY053197.1,327,263,427,306
ref|NR_029004.1,359,292,472,344
gb|DQ341427.1,361,300,462,344
gb|EU285374.3,357,293,478,347
ref|NR_043473.1,353,291,472,341
gb|KP790024.1,342,276,453,333
gb|EF182717.1,339,269,443,326
ref|NR_108113.1,352,282,456,334
dbj|AB264137.1,342,281,452,330
gb|EU240400.1,328,262,425,316
emb|FM160945.1,328,269,428,312
ref|NR_118357.1,331,272,444,318
gb|KX886830.1,365,302,481,354
gb|KY077151.1,331,266,430,319
gb|KU921553.1,357,290,471,343
gb|EU294408.1,350,289,456,339
emb|HE798204.1,343,279,443,338
emb|LT602923.1,344,279,456,332
gb|JX483748.1,317,256,409,303
dbj|LC148307.1,354,295,468,336
gb|KU758886.1,361,291,470,341
emb|HE863769.1,340,272,440,324
gb|KP790023.1,347,276,440,323
ref|NR_043472.1,358,295,468,338
gb|EU182872.1,336,272,434,320
ref|NR_146689.1,352,293,469,337
dbj|LC148306.1,352,293,469,337
dbj|AB022911.1,356,291,462,335
